[
    {
        "name": "guzzlehttp/promises",
        "version": "v1.3.1",
        "version_normalized": "1.3.1.0",
        "source": {
            "type": "git",
            "url": "https://github.com/guzzle/promises.git",
            "reference": "a59da6cf61d80060647ff4d3eb2c03a2bc694646"
        },
        "dist": {
            "type": "zip",
            "url": "https://api.github.com/repos/guzzle/promises/zipball/a59da6cf61d80060647ff4d3eb2c03a2bc694646",
            "reference": "a59da6cf61d80060647ff4d3eb2c03a2bc694646",
            "shasum": ""
        },
        "require": {
            "php": ">=5.5.0"
        },
        "require-dev": {
            "phpunit/phpunit": "^4.0"
        },
        "time": "2016-12-20T10:07:11+00:00",
        "type": "library",
        "extra": {
            "branch-alias": {
                "dev-master": "1.4-dev"
            }
        },
        "installation-source": "dist",
        "autoload": {
            "psr-4": {
                "GuzzleHttp\\Promise\\": "src/"
            },
            "files": [
                "src/functions_include.php"
            ]
        },
        "notification-url": "https://packagist.org/downloads/",
        "license": [
            "MIT"
        ],
        "authors": [
            {
                "name": "Michael Dowling",
                "email": "mtdowling@gmail.com",
                "homepage": "https://github.com/mtdowling"
            }
        ],
        "description": "Guzzle promises library",
        "keywords": [
            "promise"
        ]
    },
    {
        "name": "psr/http-message",
        "version": "1.0.1",
        "version_normalized": "1.0.1.0",
        "source": {
            "type": "git",
            "url": "https://github.com/php-fig/http-message.git",
            "reference": "f6561bf28d520154e4b0ec72be95418abe6d9363"
        },
        "dist": {
            "type": "zip",
            "url": "https://api.github.com/repos/php-fig/http-message/zipball/f6561bf28d520154e4b0ec72be95418abe6d9363",
            "reference": "f6561bf28d520154e4b0ec72be95418abe6d9363",
            "shasum": ""
        },
        "require": {
            "php": ">=5.3.0"
        },
        "time": "2016-08-06T14:39:51+00:00",
        "type": "library",
        "extra": {
            "branch-alias": {
                "dev-master": "1.0.x-dev"
            }
        },
        "installation-source": "dist",
        "autoload": {
            "psr-4": {
                "Psr\\Http\\Message\\": "src/"
            }
        },
        "notification-url": "https://packagist.org/downloads/",
        "license": [
            "MIT"
        ],
        "authors": [
            {
                "name": "PHP-FIG",
                "homepage": "http://www.php-fig.org/"
            }
        ],
        "description": "Common interface for HTTP messages",
        "homepage": "https://github.com/php-fig/http-message",
        "keywords": [
            "http",
            "http-message",
            "psr",
            "psr-7",
            "request",
            "response"
        ]
    },
    {
        "name": "guzzlehttp/psr7",
        "version": "1.3.1",
        "version_normalized": "1.3.1.0",
        "source": {
            "type": "git",
            "url": "https://github.com/guzzle/psr7.git",
            "reference": "5c6447c9df362e8f8093bda8f5d8873fe5c7f65b"
        },
        "dist": {
            "type": "zip",
            "url": "https://api.github.com/repos/guzzle/psr7/zipball/5c6447c9df362e8f8093bda8f5d8873fe5c7f65b",
            "reference": "5c6447c9df362e8f8093bda8f5d8873fe5c7f65b",
            "shasum": ""
        },
        "require": {
            "php": ">=5.4.0",
            "psr/http-message": "~1.0"
        },
        "provide": {
            "psr/http-message-implementation": "1.0"
        },
        "require-dev": {
            "phpunit/phpunit": "~4.0"
        },
        "time": "2016-06-24T23:00:38+00:00",
        "type": "library",
        "extra": {
            "branch-alias": {
                "dev-master": "1.4-dev"
            }
        },
        "installation-source": "dist",
        "autoload": {
            "psr-4": {
                "GuzzleHttp\\Psr7\\": "src/"
            },
            "files": [
                "src/functions_include.php"
            ]
        },
        "notification-url": "https://packagist.org/downloads/",
        "license": [
            "MIT"
        ],
        "authors": [
            {
                "name": "Michael Dowling",
                "email": "mtdowling@gmail.com",
                "homepage": "https://github.com/mtdowling"
            }
        ],
        "description": "PSR-7 message implementation",
        "keywords": [
            "http",
            "message",
            "stream",
            "uri"
        ]
    },
    {
        "name": "guzzlehttp/guzzle",
        "version": "6.2.2",
        "version_normalized": "6.2.2.0",
        "source": {
            "type": "git",
            "url": "https://github.com/guzzle/guzzle.git",
            "reference": "ebf29dee597f02f09f4d5bbecc68230ea9b08f60"
        },
        "dist": {
            "type": "zip",
            "url": "https://api.github.com/repos/guzzle/guzzle/zipball/ebf29dee597f02f09f4d5bbecc68230ea9b08f60",
            "reference": "ebf29dee597f02f09f4d5bbecc68230ea9b08f60",
            "shasum": ""
        },
        "require": {
            "guzzlehttp/promises": "^1.0",
            "guzzlehttp/psr7": "^1.3.1",
            "php": ">=5.5"
        },
        "require-dev": {
            "ext-curl": "*",
            "phpunit/phpunit": "^4.0",
            "psr/log": "^1.0"
        },
        "time": "2016-10-08T15:01:37+00:00",
        "type": "library",
        "extra": {
            "branch-alias": {
                "dev-master": "6.2-dev"
            }
        },
        "installation-source": "dist",
        "autoload": {
            "files": [
                "src/functions_include.php"
            ],
            "psr-4": {
                "GuzzleHttp\\": "src/"
            }
        },
        "notification-url": "https://packagist.org/downloads/",
        "license": [
            "MIT"
        ],
        "authors": [
            {
                "name": "Michael Dowling",
                "email": "mtdowling@gmail.com",
                "homepage": "https://github.com/mtdowling"
            }
        ],
        "description": "Guzzle is a PHP HTTP client library",
        "homepage": "http://guzzlephp.org/",
        "keywords": [
            "client",
            "curl",
            "framework",
            "http",
            "http client",
            "rest",
            "web service"
        ]
    },
    {
        "name": "microsoft/azure-storage",
        "version": "v0.12.1",
        "version_normalized": "0.12.1.0",
        "source": {
            "type": "git",
            "url": "https://github.com/Azure/azure-storage-php.git",
            "reference": "b6cbf56633f9ef4b150a10de941313f9fc3f3b58"
        },
        "dist": {
            "type": "zip",
            "url": "https://api.github.com/repos/Azure/azure-storage-php/zipball/b6cbf56633f9ef4b150a10de941313f9fc3f3b58",
            "reference": "b6cbf56633f9ef4b150a10de941313f9fc3f3b58",
            "shasum": ""
        },
        "require": {
            "guzzlehttp/guzzle": "~6.0",
            "php": ">=5.5.0"
        },
        "require-dev": {
            "mikey179/vfsstream": "~1.6",
            "pdepend/pdepend": "~2.2",
            "phploc/phploc": "~2.1",
            "phpmd/phpmd": "@stable",
            "phpunit/phpunit": "~4.0",
            "sebastian/phpcpd": "~2.0",
            "squizlabs/php_codesniffer": "2.*",
            "theseer/phpdox": "~0.8"
        },
        "time": "2017-01-25T03:17:55+00:00",
        "type": "library",
        "extra": {
            "branch-alias": {
                "dev-master": "0.10.x-dev"
            }
        },
        "installation-source": "dist",
        "autoload": {
            "psr-4": {
                "MicrosoftAzure\\Storage\\": "src/"
            }
        },
        "notification-url": "https://packagist.org/downloads/",
        "license": [
            "MIT"
        ],
        "authors": [
            {
                "name": "Azure Storage PHP SDK",
                "email": "dmsh@microsoft.com"
            }
        ],
        "description": "This project provides a set of PHP client libraries that make it easy to access Microsoft Azure storage APIs.",
        "keywords": [
            "azure",
            "php",
            "sdk",
            "storage"
        ]
    }
]
